id,game,match_id,round_number,event_type,coord_x,coord_y,created_at
"0a02ec41-9c5d-40ef-b52b-45a396b3f412","Valorant","GOAT GAMING_vs_XIPTO_Ascent_1785232244890",1,"Plant",28.48,20.33,"2026-07-28T09:50:42.647479+00:00"
"e5184565-0117-47cf-8a46-18c4b3842ebd","Valorant","GOAT GAMING_vs_XIPTO_Ascent_1785232244890",2,"Plant",30.74,17.82,"2026-07-28T09:50:42.647479+00:00"
"2b6b7561-c142-4dd3-97fb-6adccbaca2fd","Valorant","GOAT GAMING_vs_XIPTO_Ascent_1785232244890",3,"Plant",29.99,21.67,"2026-07-28T09:50:42.647479+00:00"
"72fea24c-4874-4ab4-8aab-c4f7cde996ec","Valorant","GOAT GAMING_vs_XIPTO_Ascent_1785232244890",4,"Plant",26.98,22,"2026-07-28T09:50:42.647479+00:00"
"a2b28cca-6585-4899-8124-6b224047a604","Valorant","GOAT GAMING_vs_XIPTO_Ascent_1785232244890",5,"Plant",28.48,17.65,"2026-07-28T09:50:42.647479+00:00"
"ef4694c6-5c32-41a6-98ed-1baa5467298e","Valorant","GOAT GAMING_vs_XIPTO_Ascent_1785232244890",6,"Plant",26.6,18.32,"2026-07-28T09:50:42.647479+00:00"
"53e4e833-fad2-4236-8e67-f2f027bd1575","Valorant","GOAT GAMING_vs_XIPTO_Ascent_1785232244890",7,"Plant",26.85,17.65,"2026-07-28T09:50:42.647479+00:00"
"46af056f-92e6-401f-9222-5cc8158ee412","Valorant","GOAT GAMING_vs_XIPTO_Ascent_1785232244890",8,"Plant",27.73,16.98,"2026-07-28T09:50:42.647479+00:00"
"a5128aaa-cc1b-4228-8a5c-5995fad82c3b","Valorant","GOAT GAMING_vs_XIPTO_Ascent_1785232244890",9,"Plant",25.72,20.16,"2026-07-28T09:50:42.647479+00:00"
"601b1b55-7a3f-45cd-a9da-05f5e9bf2f77","Valorant","GOAT GAMING_vs_XIPTO_Ascent_1785232244890",10,"Plant",30.86,19.32,"2026-07-28T09:50:42.647479+00:00"
"5f12690c-4815-4c34-9743-c333d70cc397","Valorant","GOAT GAMING_vs_XIPTO_Ascent_1785232244890",11,"Plant",30.86,19.49,"2026-07-28T09:50:42.647479+00:00"
"c7521ce7-6ee8-4095-9f70-09040b71e6be","Valorant","GOAT GAMING_vs_XIPTO_Ascent_1785232244890",12,"Plant",30.24,19.83,"2026-07-28T09:50:42.647479+00:00"
"f5b58adc-4e50-46d6-af3d-15adb1cd363c","Valorant","GOAT GAMING_vs_XIPTO_Ascent_1785232244890",13,"Plant",30.11,16.65,"2026-07-28T09:50:42.647479+00:00"
"46aeb9b1-2813-41d0-87ab-e067029cf035","Valorant","WOLF ESPORT_vs_GOAT GAMING_Ankara_1786805865862",1,"Plant",22.24,24.53,"2026-08-15T14:57:47.432445+00:00"
"201678a0-2faf-4297-9a8c-d617063da631","Valorant","WOLF ESPORT_vs_GOAT GAMING_Ankara_1786806227435",1,"Plant",23.87,26.2,"2026-08-15T15:03:48.766643+00:00"
"c9d3c460-b6eb-4b4f-8fd8-fd71206ef86b","Valorant","WOLF ESPORT_vs_GOAT GAMING_Ankara_1786806227435",2,"Plant",21.99,24.69,"2026-08-15T15:03:48.766643+00:00"
"5ad2d1a1-4281-4344-8fcc-d02fbe663085","Valorant","WOLF ESPORT_vs_GOAT GAMING_Ankara_1786806227435",3,"Plant",24.25,22.18,"2026-08-15T15:03:48.766643+00:00"
"48f1b9e3-07a3-4d99-8f57-e0a166d1e029","Valorant","WOLF ESPORT_vs_GOAT GAMING_Ankara_1786806227435",4,"Plant",23.49,22.85,"2026-08-15T15:03:48.766643+00:00"
"21db1df2-0f79-4881-95f5-bc9f2214a9d7","Valorant","WOLF ESPORT_vs_GOAT GAMING_Ankara_1786806227435",5,"Defuse",24.5,22.85,"2026-08-15T15:03:48.766643+00:00"
"82cbd688-632b-4500-b713-147ce05a8900","Valorant","WOLF ESPORT_vs_GOAT GAMING_Ankara_1786806227435",6,"Defuse",20.74,22.18,"2026-08-15T15:03:48.766643+00:00"
"76f4af3f-93ab-4379-9e3b-3c42413dffeb","Crossfire","WOLF ESPORT_vs_GOAT GAMING_Bind_1789646896885",1,"Plant",33.08,26.42,"2026-09-17T12:08:17.499698+00:00"
"c1e09c8a-0c33-441f-806d-e4f8d05afbca","Crossfire","WOLF ESPORT_vs_GOAT GAMING_Bind_1789646896885",1,"Defuse",31.95,26.59,"2026-09-17T12:08:17.499698+00:00"
"afd32403-c5cc-4424-9eb8-a70a48202d29","Crossfire","WOLF ESPORT_vs_GOAT GAMING_Bind_1789646896885",1,"Plant",34.96,26.59,"2026-09-17T12:08:17.499698+00:00"
"b0975361-d42b-417c-b8d9-c6815ba35d2c","VALORANT","Ascent",1,"Plant",28,48,"2026-09-21T15:45:23.806743+00:00"
"7a52265f-73b2-4137-9deb-f5b63b4a1f04","VALORANT","Ascent",1,"Defuse",69,62,"2026-09-21T15:45:24.365561+00:00"
"27e34a60-58de-40ef-938a-0bcd9e7c1893","VALORANT","Ascent",1,"Plant",72,53,"2026-09-21T15:45:24.742362+00:00"
"dba113aa-2e69-4059-acd3-42a7ee52e729","VALORANT","Ascent",1,"Defuse",30,72,"2026-09-21T15:45:25.105115+00:00"
"27f5bedc-c52a-4072-bd01-e452e5c21bfa","VALORANT","Ascent",1,"Plant",49,69,"2026-09-21T15:45:25.481595+00:00"
"3b0d0f3a-3747-4e29-8849-b9b4b4b7c577","VALORANT","Bind",1,"Plant",58,41,"2026-09-21T15:45:25.960874+00:00"
"fa1fdccb-4fda-4bd6-a69c-bb558fd3ffa8","VALORANT","Bind",1,"Defuse",58,77,"2026-09-21T15:45:26.316387+00:00"
"c5609166-7a15-4978-8702-d1c7c8758270","VALORANT","Bind",1,"Plant",43,55,"2026-09-21T15:45:26.678741+00:00"
"bd95517a-86fb-4fdf-945b-ba063166e383","VALORANT","Bind",1,"Defuse",79,42,"2026-09-21T15:45:27.060584+00:00"
"d1afd1b9-21a5-400f-aa6c-ef0a44c3fd1d","VALORANT","Bind",1,"Plant",67,54,"2026-09-21T15:45:27.420102+00:00"
"0e674532-9db1-4280-9c57-097b84227a83","VALORANT","Haven",1,"Plant",62,77,"2026-09-21T15:45:27.887426+00:00"
"4299fe88-2be7-42ee-adf7-084df2a480f2","VALORANT","Haven",1,"Defuse",21,63,"2026-09-21T15:45:28.237823+00:00"
"230b8c8a-7b4d-450b-8f0c-3fa8b83077ea","VALORANT","Haven",1,"Plant",36,38,"2026-09-21T15:45:28.589875+00:00"
"5aba8d51-1c22-479e-8db3-7b4c68246f7b","VALORANT","Haven",1,"Defuse",46,39,"2026-09-21T15:45:28.946882+00:00"
"5708cb86-5d8e-4b17-b55b-5c86a158246f","VALORANT","Haven",1,"Plant",79,76,"2026-09-21T15:45:29.314321+00:00"
"e8eb1a55-0677-46d3-8a8a-d3ab18db4653","VALORANT","Split",1,"Plant",30,67,"2026-09-21T15:45:29.79009+00:00"
"9b8c3bab-d63c-4806-96bc-e3ae999ada64","VALORANT","Split",1,"Defuse",23,70,"2026-09-21T15:45:30.165196+00:00"
"c5bd37e5-8ce0-4685-a609-b4cd3eaf4c71","VALORANT","Split",1,"Plant",61,79,"2026-09-21T15:45:30.539687+00:00"
"3d840f95-0bd8-4057-af06-57de3ff2699f","VALORANT","Split",1,"Defuse",57,75,"2026-09-21T15:45:30.901627+00:00"
"3e2ed547-230e-419c-926e-f78be4364491","VALORANT","Split",1,"Plant",55,43,"2026-09-21T15:45:31.27295+00:00"
"c727ec40-9e6c-4ed6-bb8c-1b146246aeb6","VALORANT","Fracture",1,"Plant",57,50,"2026-09-21T15:45:31.76608+00:00"
"10f090cf-ad97-48c2-971f-7d04a9f22dd3","VALORANT","Fracture",1,"Defuse",60,66,"2026-09-21T15:45:32.130737+00:00"
"868893e7-e8c5-434e-b3f6-39a93792e1d0","VALORANT","Fracture",1,"Plant",38,55,"2026-09-21T15:45:32.488566+00:00"
"4d0fbe0f-7247-4a2c-bd94-3fb823abfe7d","VALORANT","Fracture",1,"Defuse",56,71,"2026-09-21T15:45:32.845368+00:00"
"be7c7095-40c5-4719-9e72-2162aa157425","VALORANT","Fracture",1,"Plant",68,39,"2026-09-21T15:45:33.208253+00:00"
"40d2ef71-f28b-45ff-863d-26420b9b1bd2","VALORANT","Ascent",1,"Plant",63,35,"2026-09-21T15:45:33.680795+00:00"
"e6c26c51-7d98-4967-872b-d48f18ffeb01","VALORANT","Ascent",1,"Defuse",51,22,"2026-09-21T15:45:34.039418+00:00"
"b90b6882-b2b2-428f-ba5e-e2f032b14721","VALORANT","Ascent",1,"Plant",29,34,"2026-09-21T15:45:34.393256+00:00"
"0092e9c8-1e00-4b69-bf7c-9921ea288bb5","VALORANT","Ascent",1,"Defuse",51,37,"2026-09-21T15:45:34.74642+00:00"
"c1e4d4a3-0a0f-4f08-a88a-96882564589e","VALORANT","Ascent",1,"Plant",69,48,"2026-09-21T15:45:35.119837+00:00"
"843c3b46-35db-457a-86cf-9ee6c9d66c2a","VALORANT","Bind",1,"Plant",70,57,"2026-09-21T15:45:35.620165+00:00"
"c74c9d28-d34c-431e-95a7-dc708da1b41b","VALORANT","Bind",1,"Defuse",22,31,"2026-09-21T15:45:35.978843+00:00"
"ce024937-a960-4f4a-97d4-c2b8f2b25387","VALORANT","Bind",1,"Plant",77,34,"2026-09-21T15:45:36.350315+00:00"
"d58fbaf2-2b8e-4903-b103-92271ad12c30","VALORANT","Bind",1,"Defuse",73,40,"2026-09-21T15:45:36.707663+00:00"
"936b2f42-95a9-4147-9558-3b65a6482bcc","VALORANT","Bind",1,"Plant",65,46,"2026-09-21T15:45:37.069313+00:00"
"e9a554aa-d628-416a-9444-3540ec59b27a","VALORANT","Haven",1,"Plant",60,50,"2026-09-21T15:45:37.574249+00:00"
"1b5dcb72-6a1d-4701-b8b1-24a77a7c9e2e","VALORANT","Haven",1,"Defuse",36,27,"2026-09-21T15:45:37.930857+00:00"
"cf0cd8ae-2acf-4605-b892-c2fd81d2670b","VALORANT","Haven",1,"Plant",73,43,"2026-09-21T15:45:38.295872+00:00"
"b09f5c74-156d-4207-a5de-a0ae6baa6c9d","VALORANT","Haven",1,"Defuse",68,28,"2026-09-21T15:45:38.650689+00:00"
"e69fb419-9aa4-447d-9869-186096877c96","VALORANT","Haven",1,"Plant",23,60,"2026-09-21T15:45:39.032787+00:00"
"24ba1b11-c734-4f84-b999-8f3aefe2de89","VALORANT","Split",1,"Plant",25,34,"2026-09-21T15:45:39.497582+00:00"
"51c56516-2ddd-4491-965f-53d9631681f6","VALORANT","Split",1,"Defuse",60,61,"2026-09-21T15:45:39.847415+00:00"
"524a1708-67b2-4c37-bbdf-16151c395632","VALORANT","Split",1,"Plant",23,73,"2026-09-21T15:45:40.214392+00:00"
"d67e16d1-5c80-4c37-afb9-f431dbb24f97","VALORANT","Split",1,"Defuse",49,40,"2026-09-21T15:45:40.562428+00:00"
"1e0dad24-f579-4034-977b-88356a97ad4e","VALORANT","Split",1,"Plant",70,51,"2026-09-21T15:45:40.939908+00:00"
"69f2afd4-305c-4dcb-bc3a-472ef9c20e34","VALORANT","Fracture",1,"Plant",64,47,"2026-09-21T15:45:41.409929+00:00"
"3194c3e9-0101-4b20-ae9a-84396709d034","VALORANT","Fracture",1,"Defuse",42,77,"2026-09-21T15:45:41.757829+00:00"
"2a0c36d8-ac56-4617-9ae0-5a0ad9081c48","VALORANT","Fracture",1,"Plant",48,31,"2026-09-21T15:45:42.127793+00:00"
"1edc2ef3-f34c-403c-ba40-fd7c53b43545","VALORANT","Fracture",1,"Defuse",35,63,"2026-09-21T15:45:42.481009+00:00"
"5f2ee230-736a-4017-9214-68504bab1df8","VALORANT","Fracture",1,"Plant",21,47,"2026-09-21T15:45:42.847008+00:00"
"70d922c9-471e-4e88-8ec8-790b41e875dd","Valorant","Team 1_vs_Team 15_Bind_1790171292813",1,"Plant",35.45,26.09,"2026-09-23T13:48:12.557591+00:00"
"f02a4517-178e-46fc-9df3-88ecd5661ec7","Valorant","Team 1_vs_Team 15_Bind_1790171292813",1,"Plant",31.69,26.42,"2026-09-23T13:48:12.557591+00:00"
"56021292-3766-4cab-8ec1-40662d55663a","Valorant","Team 1_vs_Team 15_Bind_1790171292813",1,"Plant",34.2,26.09,"2026-09-23T13:48:12.557591+00:00"
"d98fd085-813a-4450-9703-3ea25fc4fc8d","Valorant","Team 1_vs_Team 15_Bind_1790171292813",1,"Plant",6.12,12.5,"2026-09-23T13:48:12.557591+00:00"
"b72f9f6f-cf1f-46e5-b1c7-c56c4795a8dc","Valorant","Team 1_vs_Team 15_Bind_1790171292813",1,"Plant",6.12,12.5,"2026-09-23T13:48:12.557591+00:00"
"ef64078f-cce9-4280-8ebc-465dfca05ba2","Valorant","Team 1_vs_Team 15_Bind_1790171292813",1,"Plant",6.12,12.5,"2026-09-23T13:48:12.557591+00:00"
"603f1d46-613b-40e3-8f31-a9a272952647","Valorant","Team 1_vs_Team 15_Bind_1790171292813",1,"Plant",6.12,31.25,"2026-09-23T13:48:12.557591+00:00"
"b8f0fc7b-12ce-4776-a7f5-207ac70a3c1f","Valorant","Team 1_vs_Team 15_Bind_1790171292813",1,"Plant",6.12,31.25,"2026-09-23T13:48:12.557591+00:00"
"cac54f4b-e903-4f58-9782-53656a5163a5","Valorant","Team 1_vs_Team 15_Bind_1790171292813",1,"Plant",6.12,31.25,"2026-09-23T13:48:12.557591+00:00"
"ed7e922a-abf9-4bfe-9aff-ecb8290f3846","Valorant","Team 1_vs_Team 15_Bind_1790171292813",1,"Plant",6.12,31.25,"2026-09-23T13:48:12.557591+00:00"
"83aad1d6-581f-4084-9593-65b17b13e927","Valorant","Team 1_vs_Team 15_Bind_1790171292813",1,"Plant",6.12,31.25,"2026-09-23T13:48:12.557591+00:00"
"a6afa3bc-c630-47b0-9689-0be7854c78c6","Valorant","Team 1_vs_Team 15_Bind_1790171292813",1,"Plant",6.12,31.25,"2026-09-23T13:48:12.557591+00:00"
"0dd797e4-f027-4ede-bb71-282f560ceef9","Valorant","Team 1_vs_Team 15_Bind_1790171292813",1,"Plant",6.12,31.25,"2026-09-23T13:48:12.557591+00:00"
"1d292100-02f6-4179-8576-bce68a90cd83","Valorant","Team 1_vs_Team 15_Bind_1790171292813",1,"Plant",6.12,31.25,"2026-09-23T13:48:12.557591+00:00"
"ec5a839c-8e09-45d7-a76e-98bb4bdcb726","Valorant","Team 1_vs_Team 15_Bind_1790171292813",1,"Plant",6.12,31.25,"2026-09-23T13:48:12.557591+00:00"
"453f261b-ee2b-47a1-830a-94b6b78d091d","Valorant","Team 1_vs_Team 15_Bind_1790171292813",1,"Plant",6.12,31.25,"2026-09-23T13:48:12.557591+00:00"
"c6ef0387-cb47-4454-bba7-78e8505ce64b","Valorant","Team 1_vs_Team 15_Bind_1790171292813",1,"Plant",6.12,31.25,"2026-09-23T13:48:12.557591+00:00"
"f0aae14b-4caf-4084-99d5-90dec4ea4f61","Valorant","WOLF ESPORT_vs_GOAT GAMING_Bind_1790609511636",1,"Plant",33.08,23.82,"2026-09-28T15:31:51.112351+00:00"
"9a9a7aec-79fa-49f4-a96d-ce0e0f6c0ad1","Valorant","WOLF ESPORT_vs_GOAT GAMING_Bind_1790609511636",2,"Plant",31.58,26.15,"2026-09-28T15:31:51.112351+00:00"
"d0511e2f-ad41-408a-84ce-81cd4bc98649","Valorant","WOLF ESPORT_vs_GOAT GAMING_Bind_1790609511636",3,"Plant",34.08,26.15,"2026-09-28T15:31:51.112351+00:00"
"c3ce921e-bfa0-4f39-989e-bff4887cea6c","Valorant","WOLF ESPORT_vs_GOAT GAMING_Bind_1790609511636",4,"Plant",34.83,27.82,"2026-09-28T15:31:51.112351+00:00"
"139d0b69-3f9f-400d-a5b2-878ad6127a8b","Valorant","WOLF ESPORT_vs_GOAT GAMING_Bind_1790609511636",5,"Plant",37.33,27.15,"2026-09-28T15:31:51.112351+00:00"
"c6192a61-6b86-4f3c-a629-4a46bf84da9b","Valorant","WOLF ESPORT_vs_GOAT GAMING_Bind_1790609511636",6,"Plant",35.33,27.15,"2026-09-28T15:31:51.112351+00:00"
"0a49aea4-5f72-45a2-a919-1d48607bd786","Valorant","WOLF ESPORT_vs_GOAT GAMING_Bind_1790609511636",7,"Plant",35.08,27.15,"2026-09-28T15:31:51.112351+00:00"
"4615a774-6297-443d-980e-f9df37b039f8","Valorant","WOLF ESPORT_vs_GOAT GAMING_Bind_1790609511636",8,"Plant",35.08,27.15,"2026-09-28T15:31:51.112351+00:00"
"897b2731-fb90-40cb-bd00-528fdff9d838","Valorant","WOLF ESPORT_vs_GOAT GAMING_Bind_1790609511636",9,"Plant",35.08,27.15,"2026-09-28T15:31:51.112351+00:00"
"1d205e5b-7ce9-4a5b-8534-c43cce774c22","Valorant","WOLF ESPORT_vs_GOAT GAMING_Bind_1790609511636",10,"Plant",35.08,27.15,"2026-09-28T15:31:51.112351+00:00"
"278cf2fa-73f9-424c-811e-650727901b04","Valorant","WOLF ESPORT_vs_GOAT GAMING_Bind_1790609511636",11,"Plant",35.08,27.15,"2026-09-28T15:31:51.112351+00:00"
"b624aac0-d990-48b5-b1e4-8cfe0fc5610c","Valorant","WOLF ESPORT_vs_GOAT GAMING_Bind_1790609511636",12,"Plant",35.08,27.15,"2026-09-28T15:31:51.112351+00:00"
"aec129f0-1441-4741-aa7b-bae10b71b231","Valorant","WOLF ESPORT_vs_GOAT GAMING_Bind_1790609511636",13,"Plant",35.08,27.15,"2026-09-28T15:31:51.112351+00:00"
"f32d5cb5-2390-4a67-828a-c614cf38b7b7","Valorant","WOLF ESPORT_vs_GOAT GAMING_Bind_1790609511636",14,"Plant",35.08,27.15,"2026-09-28T15:31:51.112351+00:00"
"0ab50077-1a33-4080-958f-2590327052da","Valorant","WOLF ESPORT_vs_GOAT GAMING_Bind_1790609511636",15,"Plant",35.08,27.15,"2026-09-28T15:31:51.112351+00:00"
"07753619-69ee-42c7-a774-d5847dbe272c","Valorant","WOLF ESPORT_vs_GOAT GAMING_Bind_1790609511636",16,"Plant",35.08,27.15,"2026-09-28T15:31:51.112351+00:00"
"5b9ff4dd-c1b4-42bd-9693-c5ac3e5804f8","Valorant","WOLF ESPORT_vs_GOAT GAMING_Bind_1790609511636",17,"Plant",35.08,27.15,"2026-09-28T15:31:51.112351+00:00"
"61530c82-9713-46a6-a880-5bc1330a8d7b","Valorant","WOLF ESPORT_vs_GOAT GAMING_Bind_1790609511636",18,"Plant",35.08,27.15,"2026-09-28T15:31:51.112351+00:00"
"d02848f1-7757-4601-b45b-960d11865a7a","Valorant","WOLF ESPORT_vs_GOAT GAMING_Bind_1790609511636",19,"Plant",35.08,27.15,"2026-09-28T15:31:51.112351+00:00"
"0f5ddaf8-615b-45e6-b6d9-c02a5aab3c94","Valorant","WOLF ESPORT_vs_GOAT GAMING_Bind_1790609511636",20,"Plant",35.08,27.15,"2026-09-28T15:31:51.112351+00:00"
"046724ce-6b13-49c6-ad1b-a0e27b26c9c2","Valorant","WOLF ESPORT_vs_GOAT GAMING_Bind_1790609511636",21,"Plant",35.08,27.15,"2026-09-28T15:31:51.112351+00:00"
"f1576430-8ad4-4846-b37c-32b2f6d0248e","Valorant","WOLF ESPORT_vs_GOAT GAMING_Bind_1790609511636",22,"Plant",35.08,27.15,"2026-09-28T15:31:51.112351+00:00"
"440dbeae-4aa0-40d7-bea1-ddd45398032a","Valorant","WOLF ESPORT_vs_GOAT GAMING_Bind_1790609511636",22,"Plant",35.08,27.15,"2026-09-28T15:31:51.112351+00:00"
"a1035fc5-a1e5-4473-9c15-f78d0566dba1","Valorant","WOLF ESPORT_vs_GOAT GAMING_Bind_1790609511636",1,"Plant",33.45,26.94,"2026-09-28T15:31:51.112351+00:00"
"d5ae3044-8ca6-43fe-8b28-4aa2afd2beb7","Valorant","WOLF ESPORT_vs_GOAT GAMING_Bind_1790609511636",2,"Plant",36.33,26.61,"2026-09-28T15:31:51.112351+00:00"
"861b6cda-e044-40a4-a3ec-3307251d59ba","Valorant","WOLF ESPORT_vs_GOAT GAMING_Bind_1790609511636",3,"Plant",33.83,28.78,"2026-09-28T15:31:51.112351+00:00"
"17be767c-02df-4810-a031-279f38a43af3","Valorant","WOLF ESPORT_vs_GOAT GAMING_Bind_1790609511636",4,"Plant",32.58,26.28,"2026-09-28T15:31:51.112351+00:00"
"30424192-7e86-40c8-b8ca-a36d4805b7c3","Valorant","WOLF ESPORT_vs_GOAT GAMING_Bind_1790609511636",5,"Plant",32.45,29.94,"2026-09-28T15:31:51.112351+00:00"
"19b188e8-7f9d-48f9-9a95-1d657e8e0b16","Valorant","WOLF ESPORT_vs_GOAT GAMING_Bind_1790609511636",6,"Plant",65.7,35.44,"2026-09-28T15:31:51.112351+00:00"
"ce66b28f-850f-4c84-a36a-e4012f2f16c0","Valorant","WOLF ESPORT_vs_GOAT GAMING_Bind_1790609511636",7,"Plant",68.58,35.28,"2026-09-28T15:31:51.112351+00:00"
"d2f2797d-0444-4d5b-bbca-85950ce059f6","Valorant","WOLF ESPORT_vs_GOAT GAMING_Bind_1790609511636",8,"Plant",68.83,35.28,"2026-09-28T15:31:51.112351+00:00"
"143d0151-f03f-4eab-be0d-4b3e51d682f6","Valorant","WOLF ESPORT_vs_GOAT GAMING_Bind_1790609511636",9,"Plant",64.95,36.61,"2026-09-28T15:31:51.112351+00:00"
"8acbd159-1d95-4f1a-a6fd-5e36b4689db1","Valorant","WOLF ESPORT_vs_GOAT GAMING_Bind_1790609511636",10,"Defuse",32.83,29.61,"2026-09-28T15:31:51.112351+00:00"
"957cbcf7-6939-447e-a246-3376e315ba6c","Valorant","WOLF ESPORT_vs_GOAT GAMING_Bind_1790609511636",11,"Defuse",64.83,36.11,"2026-09-28T15:31:51.112351+00:00"
"495e013f-5ab3-46f8-9d64-1f42682bf407","Valorant","WOLF ESPORT_vs_GOAT GAMING_Bind_1790609511636",12,"Defuse",64.83,36.11,"2026-09-28T15:31:51.112351+00:00"
"a5a8c4b3-b3b2-4b25-9e85-0c6e24b0ea19","Valorant","WOLF ESPORT_vs_GOAT GAMING_Bind_1790609511636",13,"Defuse",64.83,36.11,"2026-09-28T15:31:51.112351+00:00"
"f7d44b27-3fcf-4394-9b9a-8204e899f4c6","Valorant","WOLF ESPORT_vs_GOAT GAMING_Bind_1790609511636",14,"Defuse",64.83,36.11,"2026-09-28T15:31:51.112351+00:00"
"fcdfb21b-a4f6-4c82-9f03-b1b403d28871","Valorant","WOLF ESPORT_vs_GOAT GAMING_Bind_1790609511636",15,"Defuse",32.45,29.28,"2026-09-28T15:31:51.112351+00:00"
"9b32f56e-5a3d-4720-8517-f5170ca2842d","Valorant","WOLF ESPORT_vs_GOAT GAMING_Bind_1790609511636",16,"Defuse",32.45,29.28,"2026-09-28T15:31:51.112351+00:00"
"ee8dcef9-d5fd-4857-8e65-897a2915a9e7","Valorant","WOLF ESPORT_vs_GOAT GAMING_Bind_1790609511636",17,"Defuse",69.83,35.11,"2026-09-28T15:31:51.112351+00:00"
"a6df5a8f-ce34-453d-b153-a5e46624f300","Valorant","WOLF ESPORT_vs_GOAT GAMING_Bind_1790609511636",18,"Defuse",32.45,28.61,"2026-09-28T15:31:51.112351+00:00"
"9adeb461-b56d-4926-9240-fdaa145fd17d","Valorant","WOLF ESPORT_vs_GOAT GAMING_Bind_1790609511636",19,"Defuse",66.08,36.11,"2026-09-28T15:31:51.112351+00:00"
"cacbc502-6407-45f9-ac38-cb0a912cb77c","Valorant","WOLF ESPORT_vs_GOAT GAMING_Bind_1790609511636",20,"Defuse",33.2,26.94,"2026-09-28T15:31:51.112351+00:00"
"c00e6b73-cd22-4cbb-b951-289d25e91633","Valorant","WOLF ESPORT_vs_GOAT GAMING_Bind_1790609511636",21,"Defuse",66.58,31.94,"2026-09-28T15:31:51.112351+00:00"
"abb6ff35-f0fc-45f3-961e-c1b471742a32","Valorant","WOLF ESPORT_vs_GOAT GAMING_Bind_1790663583922",1,"Plant",32.27,27.41,"2026-09-29T06:33:04.278936+00:00"
"c40220a1-5313-44a1-91e5-acfcefb3b948","Valorant","WOLF ESPORT_vs_GOAT GAMING_Bind_1790663583922",2,"Plant",32.67,27.94,"2026-09-29T06:33:04.278936+00:00"
"6a0a82ce-5573-43b2-9bc1-a9c0a7c007d6","Valorant","WOLF ESPORT_vs_GOAT GAMING_Bind_1790663583922",3,"Plant",32.14,29.01,"2026-09-29T06:33:04.278936+00:00"
"fde6e31b-baa4-4870-b085-9fb334256441","Valorant","WOLF ESPORT_vs_GOAT GAMING_Bind_1790663583922",4,"Plant",36.55,28.48,"2026-09-29T06:33:04.278936+00:00"
"80015996-772c-4199-b5a6-ef0ef350e2be","Valorant","WOLF ESPORT_vs_GOAT GAMING_Bind_1790663583922",5,"Plant",36.28,28.48,"2026-09-29T06:33:04.278936+00:00"
"3082d825-cdcd-4ea6-b91c-61b097ba267b","Valorant","WOLF ESPORT_vs_GOAT GAMING_Bind_1790663583922",6,"Plant",36.28,28.48,"2026-09-29T06:33:04.278936+00:00"
"2f0cbe05-f0ac-4250-9753-ccc2943b919f","Valorant","WOLF ESPORT_vs_GOAT GAMING_Bind_1790663583922",7,"Plant",36.28,28.48,"2026-09-29T06:33:04.278936+00:00"
"6f2e3c50-2849-4a75-bd28-b91f85b17b08","Valorant","WOLF ESPORT_vs_GOAT GAMING_Bind_1790663583922",8,"Plant",36.28,28.48,"2026-09-29T06:33:04.278936+00:00"
"cf07f6f8-c0de-4a76-9c50-2384ad37c4f9","Valorant","WOLF ESPORT_vs_GOAT GAMING_Bind_1790663583922",9,"Plant",36.28,28.48,"2026-09-29T06:33:04.278936+00:00"
"16e666db-eb8c-4598-b49b-9240f9d4a6fb","Valorant","WOLF ESPORT_vs_GOAT GAMING_Bind_1790663583922",10,"Plant",36.28,28.48,"2026-09-29T06:33:04.278936+00:00"
"3bceed06-4d0e-4699-8384-ecd5ebda5be2","Valorant","WOLF ESPORT_vs_GOAT GAMING_Bind_1790663583922",11,"Plant",36.28,28.48,"2026-09-29T06:33:04.278936+00:00"
"34c8ca40-d50a-41ca-befb-e7f99bc11aba","Valorant","WOLF ESPORT_vs_GOAT GAMING_Bind_1790663583922",12,"Plant",36.28,28.48,"2026-09-29T06:33:04.278936+00:00"
"9e777ae6-9496-40b8-94e5-44d56a576779","Valorant","WOLF ESPORT_vs_GOAT GAMING_Bind_1790663583922",13,"Plant",33.88,30.61,"2026-09-29T06:33:04.278936+00:00"